{
  "images" : [
    {
      "resizing" : {
        "mode" : "3-part-horizontal",
        "center" : {
          "mode" : "tile",
          "width" : 1
        },
        "cap-insets" : {
          "right" : 10,
          "left" : 35
        }
      },
      "idiom" : "universal",
      "filename" : "small_btn_login_base.png",
      "scale" : "1x"
    },
    {
      "resizing" : {
        "mode" : "3-part-horizontal",
        "center" : {
          "mode" : "tile",
          "width" : 1
        },
        "cap-insets" : {
          "right" : 20,
          "left" : 70
        }
      },
      "idiom" : "universal",
      "filename" : "small_btn_login_base@2x.png",
      "scale" : "2x"
    },
    {
      "resizing" : {
        "mode" : "3-part-horizontal",
        "center" : {
          "mode" : "tile",
          "width" : 1
        },
        "cap-insets" : {
          "right" : 30,
          "left" : 105
        }
      },
      "idiom" : "universal",
      "filename" : "small_btn_login_base@3x.png",
      "scale" : "3x"
    }
  ],
  "info" : {
    "version" : 1,
    "author" : "xcode"
  }
}