{
  "images" : [
    {
      "resizing" : {
        "mode" : "3-part-horizontal",
        "center" : {
          "mode" : "tile",
          "width" : 1
        },
        "cap-insets" : {
          "right" : 12,
          "left" : 47
        }
      },
      "idiom" : "universal",
      "filename" : "normal_btn_login_base.png",
      "scale" : "1x"
    },
    {
      "resizing" : {
        "mode" : "3-part-horizontal",
        "center" : {
          "mode" : "tile",
          "width" : 1
        },
        "cap-insets" : {
          "right" : 24,
          "left" : 94
        }
      },
      "idiom" : "universal",
      "filename" : "normal_btn_login_base@2x.png",
      "scale" : "2x"
    },
    {
      "resizing" : {
        "mode" : "3-part-horizontal",
        "center" : {
          "mode" : "tile",
          "width" : 1
        },
        "cap-insets" : {
          "right" : 36,
          "left" : 141
        }
      },
      "idiom" : "universal",
      "filename" : "normal_btn_login_base@3x.png",
      "scale" : "3x"
    }
  ],
  "info" : {
    "version" : 1,
    "author" : "xcode"
  }
}